"Display Order","Product Details","ASIN","URL","Image URL","Brand","Price  US$","Parent Level Sales","ASIN Sales","Recent Purchases","Parent Level Revenue","ASIN Revenue","Title Char. Count","BSR","Seller Country/Region","Fees  US$","Active Sellers","Ratings","Review Count","Images","Review velocity","Buy Box","Category","Size Tier","Fulfillment","Dimensions","Weight","ABA Most Clicked","Creation Date","Sponsored","Best Seller","Seller Age (mo)","Seller"
36.,"Boiron Arnicare Gel - Non-Greasy and Fragrance-Free - 2.6 oz","B00HCQEYCK","https://www.amazon.com/dp/B00HCQEYCK?psc=1","https://m.media-amazon.com/images/I/71-nDB9WZ6L._AC_SY450_.jpg","Boiron",8.54,"27,960","19,032","N/A","292,354.7","160,629.01",60,423,"AMZ",3.55,8,4.6,"56,321",9,110,"Amazon","Health & Household","Large Standard-Size","AMZ","5.90 x 1.46 x 2.20 in",0.2,"N/A","Dec 14, 2013",,"No",146,"Amazon"
15.,"Boiron Arnicare Cream for Joint Pain, Muscle Pain, Swelling, Soreness, Stiffness, and Bruises - Fast Absorbing and Fragrance-Free - 4.2 oz","B07G1KKZNN","https://www.amazon.com/dp/B07G1KKZNN?psc=1","https://m.media-amazon.com/images/I/81D3e+hG7iL._AC_SX569_.jpg","Boiron",13.42,"20,460","2,832","N/A","178,441.21","38,682.73",138,"1,753","AMZ",5.96,3,4.6,"16,918",9,143,"Amazon","Health & Household","Large Standard-Size","AMZ","6.90 x 1.75 x 2.44 in",0.33,"N/A","Sep 25, 2018",,"No",89,"Amazon"
47.,"Boiron Arnicare Cream for Relief for Joint Pain, Muscle Pain, Muscle Soreness, and Swelling from Bruises or Injury - Fast Absorbing and Fragrance-Free - 1.3 oz","B005P0M0BW","https://www.amazon.com/dp/B005P0M0BW?psc=1","https://m.media-amazon.com/images/I/81Ka-Rjl4hL._AC_SX522_.jpg","Boiron",6.59,"20,460","11,494","N/A","178,441.21","72,440.28",159,"1,753","AMZ","N/A",6,4.6,"16,918",8,150,"Amazon","Health & Household","Large Standard-Size","AMZ","4.88 x 1.30 x 1.73 in",0.11,"N/A","Dec 7, 2003",,"No",266,"Amazon"
7.,"Boiron Arnicare Bruise Cream for Pain Relief from Bruising and Swelling or Discoloration from Injury - 1.4 oz","B099X664Q6","https://www.amazon.com/dp/B099X664Q6?psc=1","https://m.media-amazon.com/images/I/81R6z3TMFcL._AC_SX679_.jpg","Boiron",7.41,"13,991","13,991","N/A","93,316.65","93,273.48",109,"2,875","AMZ",3.5,1,4.6,"6,186",7,115,"Amazon","Health & Household","Large Standard-Size","AMZ","4.88 x 1.46 x 2.01 in",0.11,"N/A","Jul 20, 2021",,"No",55,"Amazon"
41.,"Dermend Arnica Bruise Cream with Vitamin K - Moisturizer for Bruising on Arms, Legs & Hands - 4.5 Oz","B00BWTKA94","https://www.amazon.com/dp/B00BWTKA94?psc=1","https://m.media-amazon.com/images/I/61GkQLavmSL._SX466_.jpg","Dermend",29.99,"8,264","8,264","5,000","215,983.37","215,920.82",100,"3,707","US",7.85,7,4.4,"12,988",6,118,"NuTru","Beauty & Personal Care","Large Standard-Size","FBA","5.47 x 1.97 x 3.07 in",0.33,"N/A","Mar 19, 2013",,"No",155,"NuTru"
49.,"VitaMedica Arnica Gel Plus 15 Healing Plant Compounds, Extra Strength Formulation for Bruising, Swelling, Joint Pain, Muscle Soreness & Stiffness, All-Natural, Plant-Based Pain Relief","B0C7LQ84X3","https://www.amazon.com/dp/B0C7LQ84X3?psc=1","https://m.media-amazon.com/images/I/710H5UYJiBL._AC_SX466_.jpg","VitaMedica",21.95,"7,243","5,962","N/A","173,940.56","122,884",183,"3,163","US",6.71,1,4.6,"2,610",7,157,"VitaMedica","Health & Household","Small Standard-Size","FBA","5.63 x 0.67 x 1.97 in",0.24,"N/A","Jun 9, 2023",,"No",32,"VitaMedica"
39.,"VitaMedica Arnica + Vitamin K Bruise Recovery Cream for Face & Under-Eye, Sensitive-Skin Formula, Post-Procedure Support, 0.5 oz","B004EBS25Q","https://www.amazon.com/dp/B004EBS25Q?psc=1","https://m.media-amazon.com/images/I/61tcLIVAAkL._SY450_.jpg","VitaMedica",29.95,"6,073","5,654","4,000","182,847.99","163,392.14",128,"4,931","US",8.22,1,4.3,"1,626",7,31,"VitaMedica","Beauty & Personal Care","Large Standard-Size","FBA","4.45 x 0.87 x 1.30 in",0.06,"N/A","Nov 29, 2010",,"No",183,"VitaMedica"
34.,"SKINTENSIVE Arnica Bruise Cream for Thin Skin - Moisturizing Arnica Cream, Vitamin K C and E, Skin Renewal, 4 Oz","B07D7NVWN7","https://www.amazon.com/dp/B07D7NVWN7?psc=1","https://m.media-amazon.com/images/I/716lAJ3lYoL._SY355_.jpg","SKINTENSIVE",29.94,"5,462","5,462","4,000","163,533.74","163,533.61",112,"8,204","US",8.39,1,4.3,"5,231",9,57,"Skintensive","Health & Household","Large Standard-Size","FBA","3.39 x 2.80 x 3.03 in",0.42,"N/A","Apr 5, 2019",,"No",82,"Skintensive"
46.,"Boiron Arnicare Bruise Gel for Relief of Pain, Inflammation or Swelling, Soreness, and Discoloration - Non-greasy and Fragrance-Free - 1.5 oz","B01CMDX3ZG","https://www.amazon.com/dp/B01CMDX3ZG?psc=1","https://m.media-amazon.com/images/I/71AVJLw92RL._AC_SX569_.jpg","Boiron",6.36,"2,564","1,881","N/A","20,758.29","12,057.63",141,"19,260","AMZ",4.24,8,4.5,"9,317",9,31,"Amazon","Health & Household","Large Standard-Size","AMZ","4.88 x 1.50 x 2.00 in",0.13,"N/A","Mar 6, 2016",,"No",119,"Amazon"
8.,"Miracle Plus Arnica Cream Bruise Relief Lotion For Bruising And Swelling On Skin | Arnica Montana Extra Strength Vitamin K Cream | Moisturizing Formula Skin Care Gel With Horse Chestnut, 4 Fl Oz","B002XO9JMG","https://www.amazon.com/dp/B002XO9JMG?psc=1","https://m.media-amazon.com/images/I/61Dq0sEh2aL._SY741_.jpg","Miracle Plus",14.99,"2,366",148,"N/A","45,234.27","2,221.8",194,"8,943","US",7.4,1,4.2,"10,336",9,85,"Pure Valley","Health & Household","Large Standard-Size","FBA","7.95 x 1.73 x 2.48 in",0.3,"N/A","Mar 29, 2010",,"No",191,"Pure Valley"
16.,"Miracle Plus Arnica Cream Extra Strength Bruise Relief Lotion For Bruising And Swelling On Skin | Arnica Gel, Vitamin K Cream, Skin Care | Moisturizing Bruise Formula With Horse Chestnut, 2-Pack","B071169NKS","https://www.amazon.com/dp/B071169NKS?psc=1","https://m.media-amazon.com/images/I/71shhqmmkgL._SX679_PIbundle-2,TopRight,0,0_AA679SH20_.jpg","Miracle Plus",27.99,"2,366",51,"N/A","45,234.27","1,431.82",194,"8,943","US",8.63,1,4.2,"10,336",9,76,"Pure Valley","Health & Household","Large Standard-Size","FBA","6.81 x 1.77 x 5.24 in",0.6,"N/A","Jul 10, 2018",,"No",91,"Pure Valley"
37.,"Miracle Plus Arnica Cream Bruise Relief Lotion For Bruising And Swelling On Skin | Arnica Montana Extra Strength Vitamin K Cream | Skin Care Body & Face Moisturizer With Horse Chestnut, 11.75 Fl Oz","B0B6Q8BSXM","https://www.amazon.com/dp/B0B6Q8BSXM?psc=1","https://m.media-amazon.com/images/I/61dHZrvh3iL._SX679_.jpg","Miracle Plus",34.99,"2,366",36,"N/A","45,234.27","1,243.8",197,"8,943","US",10.09,2,4.2,"10,336",9,105,"Pure Valley","Health & Household","Large Standard-Size","FBA","8.98 x 2.13 x 2.13 in",0.86,"N/A","Mar 31, 2023",,"No",35,"Pure Valley"
62.,"Boiron Arnicare Bruise Gel for Pain, Inflammation or Swelling, Soreness, and Discoloration - Non-greasy and Fragrance-Free - 4.2 oz","B0FX31M22J","https://www.amazon.com/dp/B0FX31M22J?psc=1","https://m.media-amazon.com/images/I/71smKUUyGbL._SX679_.jpg","Boiron",14.28,"2,130","2,130","N/A","30,409.91","30,388.48",131,"12,072","AMZ",6.3,1,4.8,76,9,28,"Amazon","Health & Household","Large Standard-Size","AMZ","6.70 x 1.65 x 2.21 in",0.38,"N/A","Oct 20, 2025",,"No",4,"Amazon"
28.,"Arnica Bruise Cream Extra Strength: Fast Healing Arnica Cream for Bruising Swelling Thin Skin-Enhanced Recovery Vitamin K Creams With Arnica Montana, VK, C&E– Soothing Hydrating for senior, Adult, Kid","B0FV5N4155","https://www.amazon.com/dp/B0FV5N4155?psc=1","https://m.media-amazon.com/images/I/713lkNvxH2L._SY450_.jpg","Dr. Luke",24.99,"2,085","2,085","1,000","43,724.83","43,717.42",200,"21,908","US",3.95,1,4.7,143,9,63,"DRLUKESTORE","Beauty & Personal Care","Large Standard-Size","FBA","3.03 x 2.60 x 2.91 in",0.37,"N/A","Oct 12, 2025",,"No",4,"DRLUKESTORE"
61.,"Boiron Arnica Bruise - Arnica Montana 30c for Relief of Pain, Swelling, and Discoloration from Bruises - 3 Count (240 Pellets)","B0B7TNMH82","https://www.amazon.com/dp/B0B7TNMH82?psc=1","https://m.media-amazon.com/images/I/81Kn6l215QL._AC_SY355_.jpg","Boiron",15.6,"1,638","1,638","N/A","26,052.76","26,047.35",126,"24,665","AMZ",6.07,4,4.7,835,10,31,"Amazon","Health & Household","Large Standard-Size","AMZ","4.84 x 0.87 x 3.62 in",0.07,"N/A","Jul 27, 2022",,"No",43,"Amazon"
44.,"Dulàc – Arnica Cream 1.7 Fl Oz with Organic Arnica Montana Extracts Natural Soothing & Skin Care Cream","B01FI4DQ4E","https://www.amazon.com/dp/B01FI4DQ4E?psc=1","https://m.media-amazon.com/images/I/716yzFt2IgL._AC_SX569_.jpg","DULÀC FARMACEUTICI 1982",9.5,"1,289",492,"N/A","18,875.05","4,670.37",102,"19,115","IT",3.91,1,4.6,"13,909",7,"N/A","Dulac","Health & Household","Large Standard-Size","FBA","5.79 x 1.26 x 2.05 in",0.13,"N/A","Sep 3, 2016",,"No",113,"Dulac"
69.,"Boiron Arnicare Bruise for Relief of Pain or Swelling from Injuries, and Discoloration of Bruises - 60 Tablets","B0B7TW96T6","https://www.amazon.com/dp/B0B7TW96T6?psc=1","https://m.media-amazon.com/images/I/71I-xrsF85L._AC_SX522_.jpg","Boiron",10.59,"1,131","1,131","N/A","12,010.79","12,010.18",110,"26,016","AMZ",5.32,2,4.6,498,10,24,"Amazon","Health & Household","Large Standard-Size","AMZ","3.94 x 1.10 x 3.31 in",0.07,"N/A","Jul 27, 2022",,"No",43,"Amazon"
9.,"Arnica Bruise Cream Extra Strength: Fast Healing for Bruising and Swelling on Thin & Sensitive Skin - Enriched with Arnica Montana & Vitamins K, C & E - Daily Care for Teens, Adults & Seniors 4oz","B0FV52WV8Y","https://www.amazon.com/dp/B0FV52WV8Y?psc=1","https://m.media-amazon.com/images/I/6159hX1tDeL._SX425_.jpg","MURASAKI BEAUTY",25.99,"1,021","1,021",900,"26,545.87","26,535.52",195,"17,340","US",7.85,1,4.5,147,8,30,"MURASAKI BEAUTY Store","Beauty & Personal Care","Large Standard-Size","FBA","2.91 x 2.52 x 2.91 in",0.42,"N/A","Sep 15, 2025",,"No",5,"MURASAKI BEAUTY Store"
51.,"Boiron Arnicare Bruise Gel for Pain, Inflammation or Swelling, Soreness, and Discoloration - Non-greasy and Fragrance-Free - 2.6 oz","B0G15RRJJ6","https://www.amazon.com/dp/B0G15RRJJ6?psc=1","https://m.media-amazon.com/images/I/71z1IlLOB0L._SY450_.jpg","Boiron",8.48,934,934,"N/A","7,923.55","7,914.08",131,"36,846","AMZ",3.83,1,4.5,30,9,16,"Amazon","Health & Household","Large Standard-Size","AMZ","5.79 x 1.57 x 2.17 in",0.21,"N/A","Nov 6, 2025",,"No",3,"Amazon"
57.,"5kind Extra Strong Arnica Cream for Bruising and Swelling 10.1 Fl Oz - Bruise Cream Extra Strength Fast Healing Thin Skin - High Concentration Arnica Montana Extract for Bruises - Natural Formula","B0D5J3DDSR","https://www.amazon.com/dp/B0D5J3DDSR?psc=1","https://m.media-amazon.com/images/I/71GTHeiacOL._AC_SY355_.jpg","5kind clinical skincare",27.97,928,739,"N/A","24,054.96","20,655.71",195,"32,221","GB",10.02,1,4.4,795,8,20,"5kind Clinical Skincare","Health & Household","Large Standard-Size","FBA","3.46 x 2.91 x 3.35 in",0.75,"N/A","Oct 9, 2024",,"No",16,"5kind Clinical Skincare"
63.,"Arnica 35 Arnica Body Massage Gel – Water-Based Cosmetic Massage Gel with Arnica Montana, Fast-Absorbing Lightweight Texture, Non-Greasy Feel, Dermatologically Tested, 16.9 fl oz","B0C69NFK45","https://www.amazon.com/dp/B0C69NFK45?psc=1","https://m.media-amazon.com/images/I/71hp7tD8G3L._AC_SX466_.jpg","Arnica",30.9,797,797,"N/A","24,614.36","24,606.23",178,"39,213","IT",9.93,1,4.4,"2,485",8,46,"Dulac","Health & Household","Large Standard-Size","FBA","4.06 x 3.54 x 3.90 in",1.23,"N/A","Jul 25, 2023",,"No",31,"Dulac"
33.,"Arnica Bruise Cream Extra-Strength: Fast-Acting for Bruising & Swelling on Thin Skin - Advanced Formula with Arnica Montana Vitamin K C & E - Soothing Hydrating for Face and Body (4 Fl Oz (Pack of 1))","B0FJCC1GY6","https://www.amazon.com/dp/B0FJCC1GY6?psc=1","https://m.media-amazon.com/images/I/61iCiVr7TXL._SX679_.jpg","Jardient",26.95,768,768,600,"20,703.27","20,703.12",200,"28,552","KR",8.19,1,4.3,109,8,29,"Lushoraa","Beauty & Personal Care","Large Standard-Size","FBA","4.72 x 2.56 x 2.95 in",0.43,"N/A","Jul 22, 2025",,"No",7,"Lushoraa"
22.,"Hermon Arnica Bruise Cream: Arnica Montana with Vitamins K, C & E–Hydrating Moisturizer for Face 4 oz","B0F7HZ1MPL","https://www.amazon.com/dp/B0F7HZ1MPL?psc=1","https://m.media-amazon.com/images/I/71eFzOkNvGL._SY450_.jpg","Hermon",23.99,686,178,300,"15,540.86","4,257.73",101,"28,657","US",7.55,2,4.3,498,5,35,"GENESISKINGDOM","Beauty & Personal Care","Large Standard-Size","FBA","2.95 x 2.44 x 2.91 in",0.42,"N/A","May 5, 2025",,"No",9,"GENESISKINGDOM"
52.,"Hermon Arnica Bruise Cream with Vitamin K: Sensitive Skin & Face Formula for Bruising, Swelling & Thin Skin – Extra Strength Arnica Montana Hydrating Moisturizer 2 Oz","B0FS99FQ82","https://www.amazon.com/dp/B0FS99FQ82?psc=1","https://m.media-amazon.com/images/I/81Oo3RqOJ-L._SY450_.jpg","Hermon",21.99,686,461,50,"15,540.86","10,138.4",166,"28,654","US",7.22,2,4.3,498,7,33,"GENESISKINGDOM","Beauty & Personal Care","Large Standard-Size","FBA","6.81 x 1.38 x 1.38 in",0.2,"N/A","Sep 23, 2025",,"No",5,"GENESISKINGDOM"
67.,"Boiron Arnicare Cream 4.2 oz (Twin Pack) for Joint Pain, Muscle Pain Relief, Swelling, Soreness, Stiffness, and Bruises - Fast Absorbing and Fragrance-Free Arnica","B0F45WNHPS","https://www.amazon.com/dp/B0F45WNHPS?psc=1","https://m.media-amazon.com/images/I/81U7YOIqBNL._AC_SX569_.jpg","Boiron",29.99,643,643,"N/A","19,285.26","19,278.7",162,"42,557","US",8.93,1,4.9,31,9,11,"Peak10 Health LLC","Health & Household","Large Standard-Size","FBA","7.13 x 2.01 x 5.04 in",0.73,"N/A","Apr 9, 2025",,"No",10,"Peak10 Health LLC"
56.,"Procure Bruise Remedy","B00J7WI64Y","https://www.amazon.com/dp/B00J7WI64Y?psc=1","https://m.media-amazon.com/images/I/71G7sOPaFmL._AC_SY355_.jpg","PROcure",10.99,641,641,500,"6,463.29","6,456.76",21,"28,687","AMZ",6.37,9,4.2,"3,897",10,9,"Amazon","Beauty & Personal Care","Large Standard-Size","AMZ","5.47 x 1.26 x 3.07 in",0.2,"N/A","Mar 24, 2014",,"No",143,"Amazon"
35.,"Arnica Bruise Cream Extra Strength: Rapid Relief for Bruising Swelling Soreness Pain on Thin Skin - Potent Arnica Montana with Vitamin K Coconut Shea Butter - Face & Body","B0FJ9TP8CB","https://www.amazon.com/dp/B0FJ9TP8CB?psc=1","https://m.media-amazon.com/images/I/61h3-ghLxoL._SX425_.jpg","Recuren Plus",24.95,433,433,400,"10,805.14","10,804.75",170,"27,992","CN",7.69,1,4.7,82,9,9,"SkinEase","Beauty & Personal Care","Large Standard-Size","FBA","3.19 x 2.40 x 3.11 in",0.42,"N/A","Jul 21, 2025",,"No",7,"SkinEase"
29.,"TAGRID Arnica Cream Extra Strength: Fast Pain Relief Arnica Bruise Cream with Vitamin K for Bruising and Swelling on Thin Skin, Joint Pain, Muscle Pain, Soreness (4 Ounce (Pack of 1))","B0FV5QK2K3","https://www.amazon.com/dp/B0FV5QK2K3?psc=1","https://m.media-amazon.com/images/I/71NoEY3hx3L._SX679_.jpg","TAGRID",24.99,380,380,300,"9,497.79","9,493.88",183,"56,168","US",7.7,1,4.6,128,8,6,"Kotka Summer","Beauty & Personal Care","Large Standard-Size","FBA","6.57 x 1.93 x 1.97 in",0.35,"N/A","Oct 15, 2025",,"No",4,"Kotka Summer"
43.,"Arnica Cream for Bruising and Swelling: Extra Strength Arnica Bruise Cream with Vitamins K C E for Seniors Aged 55 and Above - Fast Healing Formula Ideal for Thin Skin 3.5 oz","B0FT7VKB5K","https://www.amazon.com/dp/B0FT7VKB5K?psc=1","https://m.media-amazon.com/images/I/61htIcbmcqL._SY355_.jpg","Acolye",16.99,254,254,200,"4,317.27","4,314.58",174,"65,285","CN",6.71,1,4.6,53,7,8,"Whole Beauty Shop","Beauty & Personal Care","Large Standard-Size","FBA","2.99 x 2.52 x 2.99 in",0.35,"N/A","Sep 30, 2025",,"No",5,"Whole Beauty Shop"
48.,"Arnica Bruise Cream Extra Strength & Soothing Cream - Fast-Acting for Improving the Appearance of Bruises & Swelling | High-Strength Arnica Montana, Vitamins K/C/E | 4.23 oz/120 g","B0FQCFT75K","https://www.amazon.com/dp/B0FQCFT75K?psc=1","https://m.media-amazon.com/images/I/611RjtK554L._SY355_.jpg","PIFLAT",9.99,253,253,200,"2,530.89","2,528.22",179,"54,864","CN",4.19,1,4.5,25,6,2,"TXMYUS","Beauty & Personal Care","Large Standard-Size","FBA","2.91 x 2.05 x 2.87 in",0.35,"N/A","Oct 20, 2025",,"No",4,"TXMYUS"
27.,"Arnica Bruise Cream Extra Strength for Bruising, Swelling & Muscle Discomfort, Enriched with Arnica Montana & Vitamins K, C & E, Plus 9 Plant Compounds, Fast Acting Thin Skin, Long Lasting, 4 Oz","B0G4W1VGG9","https://www.amazon.com/dp/B0G4W1VGG9?psc=1","https://m.media-amazon.com/images/I/71tlnFRdCkL._SX569_.jpg","Glopink",13.99,242,242,"N/A","3,193.23","3,190.84",194,"54,393","CN",6.05,1,5,3,7,2,"Lightning Cat Store","Health & Household","Large Standard-Size","FBA","2.95 x 2.24 x 2.91 in",0.35,"N/A","Jan 18, 2026",,"No",1,"Lightning Cat Store"
17.,"Reshape+ Arnica Bruise Relief Topical Cream For Bruising, Swelling, & Discoloration On Skin, Natural Skin Care Homeopathic Arnica Lotion W/Vitamin K, Horse Chestnut, & Collagen, Large 8 Fl Oz","B06XJYWY4L","https://www.amazon.com/dp/B06XJYWY4L?psc=1","https://m.media-amazon.com/images/I/71nAl7rYq3L._SY450_.jpg","Reshape+",15.99,209,141,"N/A","4,032.16","2,248.82",191,"58,147","US",6.6,1,4.3,"1,398",4,1,"Pure Valley","Health & Household","Large Standard-Size","FBA","7.80 x 2.52 x 3.15 in",0.6,"N/A","Mar 12, 2017",,"No",107,"Pure Valley"
60.,"Arnica Bruise Cream Balm with Vitamin K – Bruise Cream for Seniors with Thin, Mature, Elderly Skin- Fragile Skin Moisturing Formula legs, arms, hands","B0D5TW1DB4","https://www.amazon.com/dp/B0D5TW1DB4?psc=1","https://m.media-amazon.com/images/I/51ozH1TS69L._SX466_.jpg","Arnique",19.95,194,194,100,"3,649.99","3,649.42",149,"72,600","US",6.94,1,4.2,151,7,4,"Arnique Skin","Beauty & Personal Care","Large Standard-Size","FBA","2.83 x 2.44 x 2.80 in",0.33,"N/A","Jun 1, 2024",,"No",20,"Arnique Skin"
42.,"Arnica Bruise Cream Extra Strength – Fast-Acting Arnica Montana with Vitamins K, C & E for Bruising, Swelling, Discoloration & Thin Skin – Hydrating Moisturizer for Face & Body – 4 oz","B0FK5WKF46","https://www.amazon.com/dp/B0FK5WKF46?psc=1","https://m.media-amazon.com/images/I/61o3UZ0SW1L._SX425_.jpg","PHARMBANNER",24.99,190,190,100,"4,747","4,744.95",183,"76,350","CN",8.9,1,4.3,39,7,"N/A","Botanexa","Beauty & Personal Care","Large Standard-Size","FBA","6.14 x 2.76 x 3.03 in",0.4,"N/A","Jul 28, 2025",,"No",7,"Botanexa"
40.,"Arnica Cream Bruise Relief Lotion for Bruising and Swelling On Skin | Bruise Cream Extra Strength Vitamin K Cream | Moisturizing Arnica Bruise Formula Skin Care Gel W/Collagen, 4 Fl Oz","B01L03N1RO","https://www.amazon.com/dp/B01L03N1RO?psc=1","https://m.media-amazon.com/images/I/81+AnqL1MmL._AC_SY450_.jpg","Pure Relief",14.99,171,149,100,"2,830.28","2,227.21",184,"69,534","US",6.15,2,4.2,"4,285",6,0,"Pure Valley","Beauty & Personal Care","Large Standard-Size","FBA","5.91 x 2.01 x 2.13 in",0.31,"N/A","Aug 25, 2016",,"No",114,"Pure Valley"
50.,"Bruise Cream Extra Strength Fast Healing Thin Skin – Fast-Acting Relief for Bruising & Swelling – Enriched with Arnica Montana & Vitamins K, C & E – Moisturizing, Non-Greasy – 4 oz","B0FF4P16RX","https://www.amazon.com/dp/B0FF4P16RX?psc=1","https://m.media-amazon.com/images/I/61NEzHCdK+L._SX466_.jpg","QUBIT",19.99,121,121,100,"2,378.9","2,377.54",180,"84,495","CN",6.95,1,4,15,7,1,"MiaoGu.INC","Beauty & Personal Care","Large Standard-Size","FBA","2.91 x 2.44 x 2.87 in",0.4,"N/A","Jun 23, 2025",,"No",8,"MiaoGu.INC"
53.,"Miracle Plus Natural Arnica Bruise Body Gel | Arnica Montana Lotion For Thin Skin Bruising And Swelling After Surgery | Extra Strength Vitamin K Cream | Soothing Ointment For Bruises, 4 Fl Oz","B07F96Z4KK","https://www.amazon.com/dp/B07F96Z4KK?psc=1","https://m.media-amazon.com/images/I/71HZpg14YvL._SX522_.jpg","Miracle Plus",14.99,103,28,"N/A","2,267.27",405.8,191,"59,633","US",6.2,2,4.3,"2,202",9,"N/A","Pure Valley","Health & Household","Large Standard-Size","FBA","6.42 x 1.50 x 2.48 in",0.29,"N/A","Jul 11, 2018",,"No",91,"Pure Valley"
59.,"L’EUDINE Arnica Bruise Gel - Arnica Gel Maximum Strength for Bruising and Swelling - Fast Absorbing Bruise Cream for Treating Muscle Soreness - Natural Formula, 8 Fl Oz","B09RKN66LY","https://www.amazon.com/dp/B09RKN66LY?psc=1","https://m.media-amazon.com/images/I/71I84p0qJ6L._AC_SX569_.jpg","L'eudine",17.99,98,85,"N/A","2,140.77","1,527.47",168,"121,159","US",7.13,3,4.6,75,7,0,"Leudine - USA","Health & Household","Large Standard-Size","FBA","8.27 x 1.93 x 2.80 in",0.57,"N/A","Jan 31, 2022",,"No",49,"Leudine - USA"
45.,"Nelsons Arnicare, Arnica Cream, Homeopathic Remedies, for Bruise Relief, Apply to Skin, Suitable for Adults, The Elderly & Children, 50 gr","B0013GAQQI","https://www.amazon.com/dp/B0013GAQQI?psc=1","https://m.media-amazon.com/images/I/713r7xrVGfL._AC_SY355_.jpg","Arnicare",14.45,74,74,50,"1,074.33","1,073.46",138,"135,110","US",3.73,11,4.5,"10,694",7,18,"BEYONDTRENDUSA","Health & Household","Large Standard-Size","FBA","5.59 x 1.46 x 2.68 in",0.18,"N/A","Aug 7, 2012",,"No",162,"BEYONDTRENDUSA"
68.,"Pili Arnica Cream Hydrating Moisturizer for Face & Body. Soothes Bruised, Dry & Irritated Skin. Fast-Absorbing, Non-Greasy, Unscented. 1 oz","B06WLQ8K9N","https://www.amazon.com/dp/B06WLQ8K9N?psc=1","https://m.media-amazon.com/images/I/71v1ur8NwfL._SY450_.jpg","Pili Natural",7,50,50,"N/A",351.85,351.69,139,"198,107","US",3.47,2,4.3,151,9,0,"Naturistika LLC","Beauty & Personal Care","Large Standard-Size","FBA","1.81 x 1.81 x 1.81 in",0.04,"N/A","Feb 18, 2017",,"No",108,"Naturistika LLC"
64.,"Kototo Arnica Gel for Bruising (4.2 Oz), Fast Relief for Bruises, Swelling & Discomfort, Natural Arnica Bruise Cream with Vitamin K & Herbal Extracts, Soothing Gel for Muscle & Joint","B0FJXZFW6J","https://www.amazon.com/dp/B0FJXZFW6J?psc=1","https://m.media-amazon.com/images/I/71Hta-9tRxL._AC_SX569_.jpg","Kototo",9.99,40,40,"N/A",399.84,399.31,182,"99,538","CN",4.19,1,5,2,3,0,"Bazewa","Health & Household","Large Standard-Size","FBA","2.83 x 2.52 x 2.72 in",0.37,"N/A","Jul 25, 2025",,"No",7,"Bazewa"
54.,"ZAX'S ORIGINAL Bruise Cream - Arnica and Witch Hazel Blend, Gentle on Skin, Plant-Based Ingredients for Skin Care - 28g","B00II2FF3E","https://www.amazon.com/dp/B00II2FF3E?psc=1","https://m.media-amazon.com/images/I/81yJlva7XQL._AC_SY355_.jpg","ZAX'S ORIGINAL",22.98,36,36,"N/A",818.38,817.91,119,"155,081","US",7.18,1,4.2,"1,454",8,1,"Treehouse Premium Brands","Health & Household","Large Standard-Size","FBA","5.04 x 1.26 x 2.05 in",0.09,"N/A","Feb 17, 2014",,"No",144,"Treehouse Premium Brands"
58.,"Arnica Bruise Cream Extra Strength – Fast Healing Arnica Cream for Thin Skin, Swelling & Discoloration – Vitamin K, C & E Infused Formula for Sensitive, Aging, or Post-Procedure Skin (4 oz)","B0FKR7FR2V","https://www.amazon.com/dp/B0FKR7FR2V?psc=1","https://m.media-amazon.com/images/I/81q-7r8IKiL._SX466_.jpg","Qanoreth",15.99,19,19,"N/A",313.15,312.82,189,"179,017","CN",6.35,1,4.5,4,6,3,"Rongzhensheng","Beauty & Personal Care","Large Standard-Size","FBA","3.03 x 2.13 x 3.03 in",0.35,"N/A","Aug 1, 2025",,"No",6,"Rongzhensheng"
55.,"Arnica Bruise Cream Extra Strength, Fast-Acting for Bruising & Swelling on Thin Skin - Advanced Formula with Arnica Montana Vitamin K C & E - Soothing Hydrating for Face and Body","B0FRMS7Z4C","https://www.amazon.com/dp/B0FRMS7Z4C?psc=1","https://m.media-amazon.com/images/I/61jON6fYM2L._SX466_.jpg","TQIUH",17.98,14,14,"N/A",257.75,257.49,178,"313,516","CN",6.62,1,3.9,7,7,0,"Primal Viking(7-15 Days)","Beauty & Personal Care","Large Standard-Size","FBA","2.68 x 2.52 x 2.64 in",0.33,"N/A","Sep 18, 2025",,"No",5,"Primal Viking(7-15 Days)"
38.,"Arnica Bruise Cream, Advanced Formula Arnica Cream for Bruising and Swelling with Plant Extract, for Thin Skin on Face and Body 4 oz","B0G4PP6NVF","https://www.amazon.com/dp/B0G4PP6NVF?psc=1","https://m.media-amazon.com/images/I/71Ihg02sTdL._SY450_.jpg","Auensten",12.99,9,9,"N/A",116.91,116.8,132,"336,587","CN",6.67,1,5,4,7,0,"Joyhomer","Beauty & Personal Care","Large Standard-Size","FBA","2.76 x 2.05 x 2.72 in",0.31,"N/A","Feb 4, 2026",,"No",0,"Joyhomer"
66.,"Arnica Cream for Bruising and Swelling & Body Muscle Relief, Soothing Hydrating Formula with Magnesium and Vitamins K, C & E, Suitable for Thin and Sensitive Skin for All Ages, 4 Oz","B0G4VX1PRF","https://www.amazon.com/dp/B0G4VX1PRF?psc=1","https://m.media-amazon.com/images/I/61WAkpx4tRL._SX569_.jpg","XILRVON",16.99,7,2,"N/A",79.17,32.62,181,"95,431","N/A",6.5,1,4.6,13,7,0,"Meizi Cloud Store","Beauty & Personal Care","Large Standard-Size","FBA","2.95 x 2.24 x 2.91 in",0.35,"N/A","Jan 18, 2026",,"No",1,"Meizi Cloud Store"
70.,"LuxeJoie Bruise & Scar Cream with Arnica Montana + MSM, Fragrance Free Fast Absorbing Body Cream for Visible Marks, 4 oz","B09SYYXT7W","https://www.amazon.com/dp/B09SYYXT7W?psc=1","https://m.media-amazon.com/images/I/61SOGa0CNHL._SY450_.jpg","LuxeJoie",17.99,7,7,"N/A",138.54,138.44,120,"413,224","US",7.64,1,4.6,45,8,0,"LuxeJoie","Beauty & Personal Care","Large Standard-Size","FBA","2.68 x 2.60 x 2.64 in",0.37,"N/A","Mar 7, 2022",,"No",47,"LuxeJoie"
65.,"Morovan Arnica Bruise Cream for Bruising: Fast Bruise Relief in 1 Week for Sensitive Thin Skin - Reduces Swelling & Tenderness - 8.52 Oz Large Size","B0FSWF17JK","https://www.amazon.com/dp/B0FSWF17JK?psc=1","https://m.media-amazon.com/images/I/71sscSvWgYL._SX569_.jpg","Morovan",24.99,1,1,"N/A",24.99,24.95,147,"566,842","CN",9.17,1,4.8,29,7,0,"YiShun-US","Health & Household","Large Standard-Size","FBA","4.50 x 4.50 x 4.50 in",1.5,"N/A","Aug 18, 2025",,"No",6,"YiShun-US"