annex,ref_no,name,cas,ec_number,product_type,max_threshold,restriction_text,min_threshold,functions,warning_label,commonness_products_count,commonness_match_variant,source2_name,source2_products_count,source2_match_variant,source2_source_url,combined_commonness_score,source2_products_count_capped_for_score,match_confidence
Annex III,15a,Sodium hydroxide,1310-73-2,215-185-5,Nail cuticle products,5 %,,,Solvent,Contains alkali. Avoid contact with eyes. Can cause blindness. Keep out of reach of children.,826,Sodium hydroxide,incidecoder,29581,Sodium hydroxide,https://incidecoder.com/ingredients/sodium-hydroxide,7.969796,29581,high
Annex III,15a,Sodium hydroxide,1310-73-2,215-185-5,General use products for straightening hair,2 %,For general use,,,Contains alkali. Avoid contact with eyes. Can cause blindness. Keep out of reach of children.,826,Sodium hydroxide,incidecoder,29581,Sodium hydroxide,https://incidecoder.com/ingredients/sodium-hydroxide,7.969796,29581,high
Annex III,15a,Sodium hydroxide,1310-73-2,215-185-5,Professional use products for straightening hair,4.5 %,For professional use,,,For professional use only. Avoid contact with eyes. Can cause blindness.,826,Sodium hydroxide,incidecoder,29581,Sodium hydroxide,https://incidecoder.com/ingredients/sodium-hydroxide,7.969796,29581,high
Annex III,321,Titanium dioxide,13463-67-7,236-675-5,Face products in loose powder form,25 %,Only in the pigmentary form,,,,214,Titanium dioxide,incidecoder,12366,Titanium dioxide,https://incidecoder.com/ingredients/titanium-dioxide,6.788890,12366,high
Annex III,321,Titanium dioxide,13463-67-7,236-675-5,General use hair aerosol spray products,1.4 %,Only in the pigmentary formFor general consumers,,,,214,Titanium dioxide,incidecoder,12366,Titanium dioxide,https://incidecoder.com/ingredients/titanium-dioxide,6.788890,12366,high
Annex III,321,Titanium dioxide,13463-67-7,236-675-5,Professional use hair aerosol spray products,1.1 %,Only in the pigmentary formFor professional use only,,,,214,Titanium dioxide,incidecoder,12366,Titanium dioxide,https://incidecoder.com/ingredients/titanium-dioxide,6.788890,12366,high
Annex III,31,Sodium fluoride,7681-49-4,231-667-8,Oral products,0.15 %,"When mixed with other fluorine compounds permitted under this Annex, total F concentration must not exceed 0.15 %",,,Contains sodium fluoride. For any toothpaste with compounds containing fluorine in a concentration of 0.1 to 0.15 % calculated as F unless it is already labelled as contraindicated for children (e.g. &#39;for adult use only&#39;) the following labelling is obligatory: &#39;Children of 6 years and younger: use a pea-sized amount for supervised brushing to minimise swallowing. In case of intake of fluoride from other sources consult a dentist or doctor.&#39; case of intake of fluoride from other sources consult a dentist or doctor.&#39;,630,Sodium fluoride,incidecoder,127,Sodium fluoride,https://incidecoder.com/ingredients/sodium-fluoride,5.888959,127,high
Annex III,15a,Potassium hydroxide,1310-58-3,215-181-3,Nail cuticle products,5 %,,,Solvent,Contains alkali. Avoid contact with eyes. Can cause blindness. Keep out of reach of children.,71,Potassium hydroxide,incidecoder,6183,Potassium hydroxide,https://incidecoder.com/ingredients/potassium-hydroxide,5.835235,6183,high
Annex III,15a,Potassium hydroxide,1310-58-3,215-181-3,General use products for straightening hair,2 %,For general use,,,Contains alkali. Avoid contact with eyes. Can cause blindness. Keep out of reach of children.,71,Potassium hydroxide,incidecoder,6183,Potassium hydroxide,https://incidecoder.com/ingredients/potassium-hydroxide,5.835235,6183,high
Annex III,15a,Potassium hydroxide,1310-58-3,215-181-3,Professional use products for straightening hair,4.5 %,For professional use,,,For professional use only. Avoid contact with eyes. Can cause blindness.,71,Potassium hydroxide,incidecoder,6183,Potassium hydroxide,https://incidecoder.com/ingredients/potassium-hydroxide,5.835235,6183,high
Annex III,15d,Potassium hydroxide,1310-58-3,215-181-3,Callosity softener/remover,1.5 %,,,,Contains alkali. Avoid contact with eyes. Keep out of reach of children. Read directions for use carefully,71,Potassium hydroxide,incidecoder,6183,Potassium hydroxide,https://incidecoder.com/ingredients/potassium-hydroxide,5.835235,6183,high
Annex III,24,Zinc gluconate,4468-02-4,224-736-9,All cosmetic products,1 %,,,,,100,Zinc gluconate,incidecoder,1929,Zinc gluconate,https://incidecoder.com/ingredients/zinc-gluconate,5.647675,1929,high
Annex III,24,Zinc chloride,7646-85-7,231-592-0,All cosmetic products,1 %,,,,,75,Zinc chloride,incidecoder,405,Zinc chloride,https://incidecoder.com/ingredients/zinc-chloride,4.917200,405,high
Annex III,12,Hydrogen peroxide,7722-84-1,231-765-0,Hair products,12 %,,,,Wear suitable gloves. Contains hydrogen peroxide. Avoid contact with eyes. Rinse immediately if product comes into contact with them.,95,Hydrogen peroxide,incidecoder,123,Hydrogen peroxide,https://incidecoder.com/ingredients/hydrogen-peroxide,4.653925,123,high
Annex III,12,Hydrogen peroxide,7722-84-1,231-765-0,Skin products,4 %,,,,Contains hydrogen peroxide. Avoid contact with eyes. Rinse immediately if product comes into contact with them.,95,Hydrogen peroxide,incidecoder,123,Hydrogen peroxide,https://incidecoder.com/ingredients/hydrogen-peroxide,4.653925,123,high
Annex III,12,Hydrogen peroxide,7722-84-1,231-765-0,Tooth whitening or bleaching products,6 %,"To be only sold to dental practitionersFor each cycle of use, first use by dental practitioners as defined under Directive 2005/36/EC of the European Parliament and of the Council (Directive 2005/36/EC of the European Parliament and of the Council of 7 September 2005 on the recognition of professional qualifications (OJ L 255, 30.9.2005, p. 22)) or under their direct supervision if an equivalent level of safety is ensured. Afterwards to be provided to the consumer to complete the cycle of useNot to be used on a person under 18 years of age",0.1 %,,"Contains hydrogen peroxide. Avoid contact with eyes. Rinse immediately if product comes into contact with them. Concentration of H2O2 present or released indicated in percentage. Not to be used on a person under 18 years of age. To be only sold to dental practitioners. For each cycle of use, the first use to be only done by dental practitioners or under their direct supervision if an equivalent level of safety is ensured. Afterwards to be provided to the consumer to complete the cycle of use.",95,Hydrogen peroxide,incidecoder,123,Hydrogen peroxide,https://incidecoder.com/ingredients/hydrogen-peroxide,4.653925,123,high
Annex III,12,Hydrogen peroxide,7722-84-1,231-765-0,Professional use cosmetic products for eyelashes,2 %,For professional use only,,,Wear suitable gloves. To be printed on the label: &#39;&#39;For professional use only. Avoid contact with eyes. Rinse eyes immediately if product comes into contact with them. Contains hydrogen peroxide.&#39;&#39;,95,Hydrogen peroxide,incidecoder,123,Hydrogen peroxide,https://incidecoder.com/ingredients/hydrogen-peroxide,4.653925,123,high
Annex III,12,Hydrogen peroxide,7722-84-1,231-765-0,Products for hardening nails,2 %,,,,Contains hydrogen peroxide. Avoid contact with eyes. Rinse immediately if product comes into contact with them.,95,Hydrogen peroxide,incidecoder,123,Hydrogen peroxide,https://incidecoder.com/ingredients/hydrogen-peroxide,4.653925,123,high
Annex III,12,Hydrogen peroxide,7722-84-1,231-765-0,"Oral products (including mouth rinse, tooth paste and tooth whitening or bleaching products)",0.1 %,,,,,95,Hydrogen peroxide,incidecoder,123,Hydrogen peroxide,https://incidecoder.com/ingredients/hydrogen-peroxide,4.653925,123,high
Annex III,27,Sodium monofluorophosphate,7631-97-2,231-552-2,Oral products,0.15 %,"When mixed with other fluorine compounds permitted under this Annex, total F concentration must not exceed 0.15 %",,,Contains sodium monofluorophosphate. For any toothpaste with compounds containing fluorine in a concentration of 0.1 to 0.15 % calculated as F unless it is already labelled as contraindicated for children (e.g. &#39;for adult use only&#39;) the following labelling is obligatory: &#39;Children of 6 years and younger: use a pea-sized amount for supervised brushing to minimise swallowing. In case of intake of fluoride from other sources consult a dentist or doctor.&#39;,66,Sodium monofluorophosphate,incidecoder,74,Sodium monofluorophosphate,https://incidecoder.com/ingredients/sodium-monofluorophosphate,4.244171,74,high
Annex III,372,Hydroxyapatite,1306-06-5,215-145-7,Toothpaste,10 %,"Not to be used in applications that may lead to exposure of the end-user&#39;s lungs by inhalationOnly nanomaterials having the following characteristics are allowed: - [composed of] rod-shaped particles of which at least 95.8 % (in particle number) have an aspect ratio less than 3, and the remaining 4.2 % have an aspect ratio not exceeding 4.9 - the particles are not coated or surface modified",,,,24,Hydroxyapatite,incidecoder,314,Hydroxyapatite,https://incidecoder.com/ingredients/hydroxyapatite,4.105670,314,high
Annex III,372,Hydroxyapatite,1306-06-5,215-145-7,Mouthwash,0.465 %,"Not to be used in applications that may lead to exposure of the end-user&#39;s lungs by inhalationOnly nanomaterials having the following characteristics are allowed: - [composed of] rod-shaped particles of which at least 95.8 % (in particle number) have an aspect ratio less than 3, and the remaining 4.2 % have an aspect ratio not exceeding 4.9 - the particles are not coated or surface modified",,,,24,Hydroxyapatite,incidecoder,314,Hydroxyapatite,https://incidecoder.com/ingredients/hydroxyapatite,4.105670,314,high
Annex III,217,m-Aminophenol,591-27-5,209-711-2,Hair dye substance in oxidative hair dye products,1.2 %,After mixing under oxidative conditions the maximum concentration applied to hair or eyelashes must not exceed 1.2 %,,,"To be printed on the label: The mixing ratio. &#39;&#39;Hair colourants can cause severe allergic reactions. Read and follow instructions. This product is not intended for use on persons under the age of 16. Temporary &#39;&#39;black henna&#39;&#39; tattoos may increase your risk of allergy. Do not colour your hair if: you have a rash on your face or sensitive, irritated and damaged scalp, you have ever experienced any reaction after colouring your hair, you have experienced a reaction to a temporary &#39;&#39;black henna&#39;&#39; tattoo in the past.&#39;&#39;",59,m-Aminophenol,incidecoder,54,m-Aminophenol,https://incidecoder.com/ingredients/m-aminophenol,4.063891,54,high
Annex III,217,m-Aminophenol,591-27-5,209-711-2,Professional use cosmetic products for coloring eyelashes,1.2 %,After mixing under oxidative conditions the maximum concentration applied to hair or eyelashes must not exceed 1.2 %For professional use only,,,"To be printed on the label: The mixing ratio. &#39;&#39;For professional use only. This product can cause severe allergic reactions. Read and follow instructions. This product is not intended for use on persons under the age of 16. Temporary &#39;&#39;black henna&#39;&#39; tattoos may increase the risk of allergy. Eyelashes shall not be coloured if the consumer: has a rash on the face or sensitive, irritated and damaged scalp, has experienced any reaction after colouring hair or eyelashes, has experienced a reaction to a temporary &#39;&#39;black henna&#39;&#39; tattoo in the past. Rinse eyes immediately if product comes into contact with them.&#39;&#39;",59,m-Aminophenol,incidecoder,54,m-Aminophenol,https://incidecoder.com/ingredients/m-aminophenol,4.063891,54,high
Annex III,217,Salts of m-Aminophenol,-,-,Professional use cosmetic products for coloring eyelashes,1.2 %,After mixing under oxidative conditions the maximum concentration applied to hair or eyelashes must not exceed 1.2 %For professional use only,,,"To be printed on the label: The mixing ratio. &#39;&#39;For professional use only. This product can cause severe allergic reactions. Read and follow instructions. This product is not intended for use on persons under the age of 16. Temporary &#39;&#39;black henna&#39;&#39; tattoos may increase the risk of allergy. Eyelashes shall not be coloured if the consumer: has a rash on the face or sensitive, irritated and damaged scalp, has experienced any reaction after colouring hair or eyelashes, has experienced a reaction to a temporary &#39;&#39;black henna&#39;&#39; tattoo in the past. Rinse eyes immediately if product comes into contact with them.&#39;&#39;",59,m-Aminophenol,incidecoder,54,m-Aminophenol,https://incidecoder.com/ingredients/m-aminophenol,4.063891,54,high
Annex III,217,Salts of m-Aminophenol,-,-,Hair dye substance in oxidative hair dye products,1.2 %,After mixing under oxidative conditions the maximum concentration applied to hair or eyelashes must not exceed 1.2 %,,,"To be printed on the label: The mixing ratio. &#39;&#39;Hair colourants can cause severe allergic reactions. Read and follow instructions. This product is not intended for use on persons under the age of 16. Temporary &#39;&#39;black henna&#39;&#39; tattoos may increase your risk of allergy. Do not colour your hair if: you have a rash on your face or sensitive, irritated and damaged scalp, you have ever experienced any reaction after colouring your hair, you have experienced a reaction to a temporary &#39;&#39;black henna&#39;&#39; tattoo in the past.&#39;&#39;",59,m-Aminophenol,incidecoder,54,m-Aminophenol,https://incidecoder.com/ingredients/m-aminophenol,4.063891,54,high
Annex III,242,"2,4-Diaminophenoxyethanol HCl",66422-95-5,266-357-1,Hair dye substance in oxidative hair dye products,2 %,After mixing under oxidative conditions the maximum concentration applied to hair or eyelashes must not exceed 2.0 % (as hydrochloride),,,"To be printed on the label: The mixing ratio. &#39;&#39;Hair colourants can cause severe allergic reactions. Read and follow instructions. This product is not intended for use on persons under the age of 16. Temporary &#39;&#39;black henna&#39;&#39; tattoos may increase your risk of allergy. Do not colour your hair if: you have a rash on your face or sensitive, irritated and damaged scalp, you have ever experienced any reaction after colouring your hair, you have experienced a reaction to a temporary &#39;&#39;black henna&#39;&#39; tattoo in the past.&#39;&#39;",26,"2,4-Diaminophenoxyethanol HCl",incidecoder,30,"2,4-Diaminophenoxyethanol HCl",https://incidecoder.com/ingredients/2-4-diaminophenoxyethanol-hcl,3.344189,30,high
Annex III,242,"2,4-Diaminophenoxyethanol HCl",66422-95-5,266-357-1,Professional use cosmetic products for coloring eyelashes,2 %,After mixing under oxidative conditions the maximum concentration applied to hair or eyelashes must not exceed 2.0 % (as hydrochloride)For professional use only,,,"To be printed on the label: The mixing ratio. &#39;&#39;For professional use only. This product can cause severe allergic reactions. Read and follow instructions. This product is not intended for use on persons under the age of 16. Temporary &#39;&#39;black henna&#39;&#39; tattoos may increase the risk of allergy. Eyelashes shall not be coloured if the consumer: has a rash on the face or sensitive, irritated and damaged scalp, has experienced any reaction after colouring hair or eyelashes, has experienced a reaction to a temporary &#39;&#39;black henna&#39;&#39; tattoo in the past. Rinse eyes immediately if product comes into contact with them.&#39;&#39;",26,"2,4-Diaminophenoxyethanol HCl",incidecoder,30,"2,4-Diaminophenoxyethanol HCl",https://incidecoder.com/ingredients/2-4-diaminophenoxyethanol-hcl,3.344189,30,high
Annex III,4,Ammonium hydroxide,1336-21-6,215-647-6,All cosmetic products,6 %,,,,Above 2 %: Contains ammonia,5,Ammonium hydroxide,incidecoder,416,Ammonium hydroxide,https://incidecoder.com/ingredients/ammonium-hydroxide,3.276224,416,high
Annex III,15c,Calcium hydroxide,1305-62-0,215-137-3,Hair straightening products,7 %,,,,Contains alkali. Avoid contact with eyes. Can cause blindness. Keep out of reach of children.,6,Calcium hydroxide,incidecoder,94,Calcium hydroxide,https://incidecoder.com/ingredients/calcium-hydroxide,2.858699,94,high
Annex III,245,2-Amino-4-hydroxyethylaminoanisole sulfate,83763-48-8,280-734-8,Professional use cosmetic products for coloring eyelashes,1.5 %,After mixing under oxidative conditions the maximum concentration applied to hair or eyelashes must not exceed 1.5 % (as sulphate)Do not use with nitrosating agentsMaximum nitrosamine content: 50 μg /kgKeep in nitrite-free containersFor professional use only,,,"To be printed on the label: The mixing ratio. &#39;&#39;For professional use only. This product can cause severe allergic reactions. Read and follow instructions. This product is not intended for use on persons under the age of 16. Temporary &#39;&#39;black henna&#39;&#39; tattoos may increase the risk of allergy. Eyelashes shall not be coloured if the consumer: has a rash on the face or sensitive, irritated and damaged scalp, has experienced any reaction after colouring hair or eyelashes, has experienced a reaction to a temporary &#39;&#39;black henna&#39;&#39; tattoo in the past. Rinse eyes immediately if product comes into contact with them.&#39;&#39;",7,2-Amino-4-hydroxyethylaminoanisole sulfate,incidecoder,14,2-Amino-4-hydroxyethylaminoanisole sulfate,https://incidecoder.com/ingredients/2-amino-4-hydroxyethylaminoanisole-sulfate,2.299455,14,high
Annex III,245,2-Amino-4-hydroxyethylaminoanisole sulfate,83763-48-8,280-734-8,Hair dye substance in oxidative hair dye products,1.5 %,After mixing under oxidative conditions the maximum concentration applied to hair or eyelashes must not exceed 1.5 % (as sulphate)Do not use with nitrosating agentsMaximum nitrosamine content: 50 μg /kgKeep in nitrite-free containers,,,"To be printed on the label: The mixing ratio. &#39;&#39;Hair colourants can cause severe allergic reactions. Read and follow instructions. This product is not intended for use on persons under the age of 16. Temporary &#39;&#39;black henna&#39;&#39; tattoos may increase your risk of allergy. Do not colour your hair if: you have a rash on your face or sensitive, irritated and damaged scalp, you have ever experienced any reaction after colouring your hair, you have experienced a reaction to a temporary &#39;&#39;black henna&#39;&#39; tattoo in the past.&#39;&#39;",7,2-Amino-4-hydroxyethylaminoanisole sulfate,incidecoder,14,2-Amino-4-hydroxyethylaminoanisole sulfate,https://incidecoder.com/ingredients/2-amino-4-hydroxyethylaminoanisole-sulfate,2.299455,14,high
Annex III,8a,p-Phenylenediamine,106-50-3,203-404-7,General use hair dye substance in oxidative hair dye products,2 %,For general useAfter mixing under oxidative conditions the maximum concentration applied to hair must not exceed 2 % calculated as free base,,,"To be printed on the label: The mixing ratio. &#39;&#39;Hair colourants can cause severe allergic reactions. Read and follow instructions. This product is not intended for use on persons under the age of 16. Temporary &#39;&#39;black henna&#39;&#39; tattoos may increase your risk of allergy. Do not colour your hair if: you have a rash on your face or sensitive, irritated and damaged scalp, you have ever experienced any reaction after colouring your hair, you have experienced a reaction to a temporary &#39;&#39;black henna&#39;&#39; tattoo in the past. Contains phenylenediamines. Do not use to dye eyelashes or eyebrows.&#39;&#39;",5,p-Phenylenediamine,incidecoder,22,p-Phenylenediamine,https://incidecoder.com/ingredients/p-phenylenediamine,2.262067,22,high
Annex III,8a,p-Phenylenediamine,106-50-3,203-404-7,Professional use hair dye substance in oxidative hair dye products,2 %,For professional use onlyAfter mixing under oxidative conditions the maximum concentration applied to hair must not exceed 2 % calculated as free base,,,"To be printed on the label: The mixing ratio. &#39;&#39;For professional use only. Hair colourants can cause severe allergic reactions. Read and follow instructions. This product is not intended for use on persons under the age of 16. Temporary &#39;&#39;black henna&#39;&#39; tattoos may increase your risk of allergy. Do not colour your hair if: you have a rash on your face or sensitive, irritated and damaged scalp, you have ever experienced any reaction after colouring your hair, you have experienced a reaction to a temporary &#39;&#39;black henna&#39;&#39; tattoo in the past. Contains phenylenediamines. Wear suitable gloves.&#39;&#39;",5,p-Phenylenediamine,incidecoder,22,p-Phenylenediamine,https://incidecoder.com/ingredients/p-phenylenediamine,2.262067,22,high
Annex III,8b,p-Phenylenediamine,106-50-3,203-404-7,Professional use cosmetic products for coloring eyelashes,2 %,For professional use onlyAfter mixing under oxidative conditions the maximum concentration applied to eyelashes must not exceed 2 % calculated as free base,,,"To be printed on the label: The mixing ratio. &#39;&#39;For professional use only. This product can cause severe allergic reactions. Read and follow instructions. This product is not intended for use on persons under the age of 16. Temporary &#39;&#39;black henna&#39;&#39; tattoos may increase the risk of allergy. Eyelashes shall not be coloured if the consumer: has a rash on the face or sensitive, irritated and damaged scalp, has experienced any reaction after colouring hair or eyelashes, has experienced a reaction to a temporary &#39;&#39;black henna&#39;&#39; tattoo in the past. Rinse eyes immediately if product comes into contact with them. Contains phenylenediamines. Wear suitable gloves.&#39;&#39;",5,p-Phenylenediamine,incidecoder,22,p-Phenylenediamine,https://incidecoder.com/ingredients/p-phenylenediamine,2.262067,22,high
Annex III,8a,Salts of p-Phenylenediamine,-,-,Professional use hair dye substance in oxidative hair dye products,2 %,For professional use onlyAfter mixing under oxidative conditions the maximum concentration applied to hair must not exceed 2 % calculated as free base,,,"To be printed on the label: The mixing ratio. &#39;&#39;For professional use only. Hair colourants can cause severe allergic reactions. Read and follow instructions. This product is not intended for use on persons under the age of 16. Temporary &#39;&#39;black henna&#39;&#39; tattoos may increase your risk of allergy. Do not colour your hair if: you have a rash on your face or sensitive, irritated and damaged scalp, you have ever experienced any reaction after colouring your hair, you have experienced a reaction to a temporary &#39;&#39;black henna&#39;&#39; tattoo in the past. Contains phenylenediamines. Wear suitable gloves.&#39;&#39;",5,p-Phenylenediamine,incidecoder,22,p-Phenylenediamine,https://incidecoder.com/ingredients/p-phenylenediamine,2.262067,22,high
Annex III,8a,Salts of p-Phenylenediamine,-,-,General use hair dye substance in oxidative hair dye products,2 %,For general useAfter mixing under oxidative conditions the maximum concentration applied to hair must not exceed 2 % calculated as free base,,,"To be printed on the label: The mixing ratio. &#39;&#39;Hair colourants can cause severe allergic reactions. Read and follow instructions. This product is not intended for use on persons under the age of 16. Temporary &#39;&#39;black henna&#39;&#39; tattoos may increase your risk of allergy. Do not colour your hair if: you have a rash on your face or sensitive, irritated and damaged scalp, you have ever experienced any reaction after colouring your hair, you have experienced a reaction to a temporary &#39;&#39;black henna&#39;&#39; tattoo in the past. Contains phenylenediamines. Do not use to dye eyelashes or eyebrows.&#39;&#39;",5,p-Phenylenediamine,incidecoder,22,p-Phenylenediamine,https://incidecoder.com/ingredients/p-phenylenediamine,2.262067,22,high
Annex III,8b,Salts of p-Phenylenediamine,-,-,Professional use cosmetic products for coloring eyelashes,2 %,For professional use onlyAfter mixing under oxidative conditions the maximum concentration applied to eyelashes must not exceed 2 % calculated as free base,,,"To be printed on the label: The mixing ratio. &#39;&#39;For professional use only. This product can cause severe allergic reactions. Read and follow instructions. This product is not intended for use on persons under the age of 16. Temporary &#39;&#39;black henna&#39;&#39; tattoos may increase the risk of allergy. Eyelashes shall not be coloured if the consumer: has a rash on the face or sensitive, irritated and damaged scalp, has experienced any reaction after colouring hair or eyelashes, has experienced a reaction to a temporary &#39;&#39;black henna&#39;&#39; tattoo in the past. Rinse eyes immediately if product comes into contact with them. Contains phenylenediamines. Wear suitable gloves.&#39;&#39;",5,p-Phenylenediamine,incidecoder,22,p-Phenylenediamine,https://incidecoder.com/ingredients/p-phenylenediamine,2.262067,22,high
Annex III,24,Zinc acetate,557-34-6,209-170-2,All cosmetic products,1 %,,,,,2,Zinc acetate,incidecoder,30,Zinc acetate,https://incidecoder.com/ingredients/zinc-acetate,1.915994,30,high
Annex III,244,4-Amino-m-cresol,2835-99-6,220-621-2,Hair dye substance in oxidative hair dye products,1.5 %,After mixing under oxidative conditions the maximum concentration applied to hair or eyelashes must not exceed 1.5 %,,,"To be printed on the label: The mixing ratio. &#39;&#39;Hair colourants can cause severe allergic reactions. Read and follow instructions. This product is not intended for use on persons under the age of 16. Temporary &#39;&#39;black henna&#39;&#39; tattoos may increase your risk of allergy. Do not colour your hair if: you have a rash on your face or sensitive, irritated and damaged scalp, you have ever experienced any reaction after colouring your hair, you have experienced a reaction to a temporary &#39;&#39;black henna&#39;&#39; tattoo in the past.&#39;&#39;",2,4-Amino-m-cresol,incidecoder,6,4-Amino-m-cresol,https://incidecoder.com/ingredients/4-amino-m-cresol,1.395167,6,high
Annex III,244,4-Amino-m-cresol,2835-99-6,220-621-2,Professional use cosmetic products for coloring eyelashes,1.5 %,After mixing under oxidative conditions the maximum concentration applied to hair or eyelashes must not exceed 1.5 %For professional use only,,,"To be printed on the label: The mixing ratio. &#39;&#39;For professional use only. This product can cause severe allergic reactions. Read and follow instructions. This product is not intended for use on persons under the age of 16. Temporary &#39;&#39;black henna&#39;&#39; tattoos may increase the risk of allergy. Eyelashes shall not be coloured if the consumer: has a rash on the face or sensitive, irritated and damaged scalp, has experienced any reaction after colouring hair or eyelashes, has experienced a reaction to a temporary &#39;&#39;black henna&#39;&#39; tattoo in the past. Rinse eyes immediately if product comes into contact with them.&#39;&#39;",2,4-Amino-m-cresol,incidecoder,6,4-Amino-m-cresol,https://incidecoder.com/ingredients/4-amino-m-cresol,1.395167,6,high
Annex III,252,2-Amino-6-chloro-4-nitrophenol,6358-09-4,228-762-1,Hair dye substance in oxidative hair dye products,2 %,After mixing under oxidative conditions the maximum concentration applied to hair must not exceed 2.0 %,,,"To be printed on the label: The mixing ratio. &#39;&#39;Hair colourants can cause severe allergic reactions. Read and follow instructions. This product is not intended for use on persons under the age of 16. Temporary &#39;&#39;black henna&#39;&#39; tattoos may increase your risk of allergy. Do not colour your hair if: you have a rash on your face or sensitive, irritated and damaged scalp, you have ever experienced any reaction after colouring your hair, you have experienced a reaction to a temporary &#39;&#39;black henna&#39;&#39; tattoo in the past.&#39;&#39;",1,2-Amino-6-chloro-4-nitrophenol,incidecoder,13,2-Amino-6-chloro-4-nitrophenol,https://incidecoder.com/ingredients/2-amino-6-chloro-4-nitrophenol,1.374216,13,high
Annex III,252,2-Amino-6-chloro-4-nitrophenol,6358-09-4,228-762-1,Hair dye substance in non-oxidative hair dye products,2 %,,,,"&#39;&#39;Hair colourants can cause severe allergic reactions. Read and follow instructions. This product is not intended for use on persons under the age of 16. Temporary &#39;&#39;black henna&#39;&#39; tattoos may increase your risk of allergy. Do not colour your hair if: you have a rash on your face or sensitive, irritated and damaged scalp, you have ever experienced any reaction after colouring your hair, you have experienced a reaction to a temporary &#39;&#39;black henna&#39;&#39; tattoo in the past.&#39;&#39;",1,2-Amino-6-chloro-4-nitrophenol,incidecoder,13,2-Amino-6-chloro-4-nitrophenol,https://incidecoder.com/ingredients/2-amino-6-chloro-4-nitrophenol,1.374216,13,high
Annex III,215,4-Amino-3-nitrophenol,610-81-1,210-236-8,Hair dye substance in oxidative hair dye products,1.5 %,After mixing under oxidative conditions the maximum concentration applied to hair must not exceed 1.5 %,,,"To be printed on the label: The mixing ratio. &#39;&#39;Hair colourants can cause severe allergic reactions. Read and follow instructions. This product is not intended for use on persons under the age of 16. Temporary &#39;&#39;black henna&#39;&#39; tattoos may increase your risk of allergy. Do not colour your hair if: you have a rash on your face or sensitive, irritated and damaged scalp. you have ever experienced any reaction after colouring your hair, you have experienced a reaction to a temporary &#39;&#39;black henna&#39;&#39; tattoo in the past.&#39;&#39;",1,4-Amino-3-nitrophenol,incidecoder,1,4-Amino-3-nitrophenol,https://incidecoder.com/ingredients/4-amino-3-nitrophenol,0.693147,1,high
Annex III,215,4-Amino-3-nitrophenol,610-81-1,210-236-8,Hair dye substance in non-oxidative hair dye products,1 %,,,,"&#39;&#39;Hair colourants can cause severe allergic reactions. Read and follow instructions. This product is not intended for use on persons under the age of 16. Temporary &#39;&#39;black henna&#39;&#39; tattoos may increase your risk of allergy. Do not colour your hair if: you have a rash on your face or sensitive, irritated and damaged scalp, you have ever experienced any reaction after colouring your hair, you have experienced a reaction to a temporary &#39;&#39;black henna&#39;&#39; tattoo in the past.&#39;&#39;",1,4-Amino-3-nitrophenol,incidecoder,1,4-Amino-3-nitrophenol,https://incidecoder.com/ingredients/4-amino-3-nitrophenol,0.693147,1,high
Annex III,30,Calcium fluoride,7789-75-5,232-188-7,Oral products,0.15 %,"When mixed with other fluorine compounds permitted under this Annex, total F concentration must not exceed 0.15 %",,,Contains calcium fluoride. For any toothpaste with compounds containing fluorine in a concentration of 0.1 to 0.15 % calculated as F unless it is already labelled as contraindicated for children (e.g. &#39;for adult use only&#39;) the following labelling is obligatory: &#39;Children of 6 years and younger: use a pea-sized amount for supervised brushing to minimise swallowing. In case of intake of fluoride from other sources consult a dentist or doctor.&#39; case of intake of fluoride from other sources consult a dentist or doctor.&#39;,1,Calcium fluoride,incidecoder,1,Calcium fluoride,https://incidecoder.com/ingredients/calcium-fluoride,0.693147,1,high
Annex III,9a,"1,4-Benzenediamine, 2-methyl-",95-70-5,202-442-1,Professional use hair dye substance in oxidative hair dye products,2 %,For professional use onlyAfter mixing under oxidative conditions the maximum concentration applied to hair or eyelashes must not exceed 2.0 % (calculated as free base),,,"To be printed on the label: The mixing ratio. &#39;&#39;For professional use only. Hair colourants can cause severe allergic reactions. Read and follow instructions. This product is not intended for use on persons under the age of 16. Temporary &#39;&#39;black henna&#39;&#39; tattoos may increase your risk of allergy. Do not colour your hair if: you have a rash on your face or sensitive, irritated and damaged scalp, you have ever experienced any reaction after colouring your hair, you have experienced a reaction to a temporary &#39;&#39;black henna&#39;&#39; tattoo in the past. Contains phenylenediamines (toluenediamines). Wear suitable gloves.&#39;&#39;",0,,incidecoder,0,,,0.000000,0,low
Annex III,9a,"1,4-Benzenediamine, 2-methyl-",95-70-5,202-442-1,General use hair dye substance in oxidative hair dye products,2 %,For general useAfter mixing under oxidative conditions the maximum concentration applied to hair or eyelashes must not exceed 2.0 % (calculated as free base),,,"To be printed on the label: The mixing ratio. &#39;&#39;Hair colourants can cause severe allergic reactions. Read and follow instructions. This product is not intended for use on persons under the age of 16. Temporary &#39;&#39;black henna&#39;&#39; tattoos may increase your risk of allergy. Do not colour your hair if: you have a rash on your face or sensitive, irritated and damaged scalp, you have ever experienced any reaction after colouring your hair, you have experienced a reaction to a temporary &#39;&#39;black henna&#39;&#39; tattoo in the past. Contains phenylenediamines (toluenediamines). Do not use to dye eyelashes or eyebrows.&#39;&#39;",0,,incidecoder,0,,,0.000000,0,low
Annex III,9a,"1,4-Benzenediamine, 2-methyl-",95-70-5,202-442-1,General use hair dye substance in oxidative hair dye products,3.6 %,For general useAfter mixing under oxidative conditions the maximum concentration applied to hair or eyelashes must not exceed 3.6 % (calculated as sulfate salt),,,"To be printed on the label: The mixing ratio. &#39;&#39;Hair colourants can cause severe allergic reactions. Read and follow instructions. This product is not intended for use on persons under the age of 16. Temporary &#39;&#39;black henna&#39;&#39; tattoos may increase your risk of allergy. Do not colour your hair if: you have a rash on your face or sensitive, irritated and damaged scalp, you have ever experienced any reaction after colouring your hair, you have experienced a reaction to a temporary &#39;&#39;black henna&#39;&#39; tattoo in the past. Contains phenylenediamines (toluenediamines). Do not use to dye eyelashes or eyebrows.&#39;&#39;",0,,incidecoder,0,,,0.000000,0,low
Annex III,9a,"1,4-Benzenediamine, 2-methyl-",95-70-5,202-442-1,Professional use cosmetic products for coloring eyelashes,2 %,For professional use onlyAfter mixing under oxidative conditions the maximum concentration applied to hair or eyelashes must not exceed 2.0 % (calculated as free base),,,"To be printed on the label: The mixing ratio. &#39;&#39;This product can cause severe allergic reactions. Read and follow instructions. This product is not intended for use on persons under the age of 16. Temporary &#39;&#39;black henna&#39;&#39; tattoos may increase your risk of allergy. Do not colour your eyelashes if: you have a rash on your face or sensitive, irritated and damaged scalp, you have ever experienced any reaction after colouring your hair or eyelashes, you have experienced a reaction to a temporary &#39;&#39;black henna&#39;&#39; tattoo in the past. Contains phenylenediamines. Rinse eyes immediately if product comes into contact with them.&#39;&#39;",0,,incidecoder,0,,,0.000000,0,low
Annex III,9a,"1,4-Benzenediamine, 2-methyl-",95-70-5,202-442-1,Professional use hair dye substance in oxidative hair dye products,3.6 %,For professional use onlyAfter mixing under oxidative conditions the maximum concentration applied to hair or eyelashes must not exceed 3.6 % (calculated as sulfate salt),,,"To be printed on the label: The mixing ratio. &#39;&#39;For professional use only. Hair colourants can cause severe allergic reactions. Read and follow instructions. This product is not intended for use on persons under the age of 16. Temporary &#39;&#39;black henna&#39;&#39; tattoos may increase your risk of allergy. Do not colour your hair if: you have a rash on your face or sensitive, irritated and damaged scalp, you have ever experienced any reaction after colouring your hair, you have experienced a reaction to a temporary &#39;&#39;black henna&#39;&#39; tattoo in the past. Contains phenylenediamines (toluenediamines). Wear suitable gloves.&#39;&#39;",0,,incidecoder,0,,,0.000000,0,low
Annex III,9a,"1,4-Benzenediamine, 2-methyl-",95-70-5,202-442-1,Professional use cosmetic products for coloring eyelashes,3.6 %,For professional use onlyAfter mixing under oxidative conditions the maximum concentration applied to hair or eyelashes must not exceed 3.6 % (calculated as sulfate salt),,,"To be printed on the label: The mixing ratio. &#39;&#39;This product can cause severe allergic reactions. Read and follow instructions. This product is not intended for use on persons under the age of 16. Temporary &#39;&#39;black henna&#39;&#39; tattoos may increase your risk of allergy. Do not colour your eyelashes if: you have a rash on your face or sensitive, irritated and damaged scalp, you have ever experienced any reaction after colouring your hair or eyelashes, you have experienced a reaction to a temporary &#39;&#39;black henna&#39;&#39; tattoo in the past. Contains phenylenediamines. Rinse eyes immediately if product comes into contact with them.&#39;&#39;",0,,incidecoder,0,,,0.000000,0,low
Annex III,9b,"1-Methyl-2,6-bis-(2-hydroxyethylamino)-benzene",149330-25-6,443-210-1,Hair dye substance in oxidative hair dye products,1 %,After mixing under oxidative conditions the maximum concentration applied to hair must not exceed 1.0 %Do not use with nitrosating agentsMaximum nitrosamine content: 50 μg/kgKeep in nitrite-free containers,,,"To be printed on the label: The mixing ratio. &#39;&#39;Hair colourants can cause severe allergic reactions. Read and follow instructions. This product is not intended for use on persons under the age of 16. Temporary &#39;&#39;black henna&#39;&#39; tattoos may increase your risk of allergy. Do not colour your hair if: you have a rash on your face or sensitive, irritated and damaged scalp, you have ever experienced any reaction after coloring your hair, you have experienced a reaction to a temporary &#39;&#39;black henna&#39;&#39; tattoo in the past.&#39;&#39;",0,,incidecoder,0,,,0.000000,0,low
Annex III,9a,"2,5-Diaminotoluene sulphate",615-50-9,210-431-8,Professional use hair dye substance in oxidative hair dye products,2 %,For professional use onlyAfter mixing under oxidative conditions the maximum concentration applied to hair or eyelashes must not exceed 2.0 % (calculated as free base),,,"To be printed on the label: The mixing ratio. &#39;&#39;For professional use only. Hair colourants can cause severe allergic reactions. Read and follow instructions. This product is not intended for use on persons under the age of 16. Temporary &#39;&#39;black henna&#39;&#39; tattoos may increase your risk of allergy. Do not colour your hair if: you have a rash on your face or sensitive, irritated and damaged scalp, you have ever experienced any reaction after colouring your hair, you have experienced a reaction to a temporary &#39;&#39;black henna&#39;&#39; tattoo in the past. Contains phenylenediamines (toluenediamines). Wear suitable gloves.&#39;&#39;",0,,incidecoder,0,,,0.000000,0,low
Annex III,9a,"2,5-Diaminotoluene sulphate",615-50-9,210-431-8,Professional use hair dye substance in oxidative hair dye products,3.6 %,For professional use onlyAfter mixing under oxidative conditions the maximum concentration applied to hair or eyelashes must not exceed 3.6 % (calculated as sulfate salt),,,"To be printed on the label: The mixing ratio. &#39;&#39;For professional use only. Hair colourants can cause severe allergic reactions. Read and follow instructions. This product is not intended for use on persons under the age of 16. Temporary &#39;&#39;black henna&#39;&#39; tattoos may increase your risk of allergy. Do not colour your hair if: you have a rash on your face or sensitive, irritated and damaged scalp, you have ever experienced any reaction after colouring your hair, you have experienced a reaction to a temporary &#39;&#39;black henna&#39;&#39; tattoo in the past. Contains phenylenediamines (toluenediamines). Wear suitable gloves.&#39;&#39;",0,,incidecoder,0,,,0.000000,0,low
Annex III,9a,"2,5-Diaminotoluene sulphate",615-50-9,210-431-8,General use hair dye substance in oxidative hair dye products,3.6 %,For general useAfter mixing under oxidative conditions the maximum concentration applied to hair or eyelashes must not exceed 3.6 % (calculated as sulfate salt),,,"To be printed on the label: The mixing ratio. &#39;&#39;Hair colourants can cause severe allergic reactions. Read and follow instructions. This product is not intended for use on persons under the age of 16. Temporary &#39;&#39;black henna&#39;&#39; tattoos may increase your risk of allergy. Do not colour your hair if: you have a rash on your face or sensitive, irritated and damaged scalp, you have ever experienced any reaction after colouring your hair, you have experienced a reaction to a temporary &#39;&#39;black henna&#39;&#39; tattoo in the past. Contains phenylenediamines (toluenediamines). Do not use to dye eyelashes or eyebrows.&#39;&#39;",0,,incidecoder,0,,,0.000000,0,low
Annex III,9a,"2,5-Diaminotoluene sulphate",615-50-9,210-431-8,Professional use cosmetic products for coloring eyelashes,3.6 %,For professional use onlyAfter mixing under oxidative conditions the maximum concentration applied to hair or eyelashes must not exceed 3.6 % (calculated as sulfate salt),,,"To be printed on the label: The mixing ratio. &#39;&#39;This product can cause severe allergic reactions. Read and follow instructions. This product is not intended for use on persons under the age of 16. Temporary &#39;&#39;black henna&#39;&#39; tattoos may increase your risk of allergy. Do not colour your eyelashes if: you have a rash on your face or sensitive, irritated and damaged scalp, you have ever experienced any reaction after colouring your hair or eyelashes, you have experienced a reaction to a temporary &#39;&#39;black henna&#39;&#39; tattoo in the past. Contains phenylenediamines. Rinse eyes immediately if product comes into contact with them.&#39;&#39;",0,,incidecoder,0,,,0.000000,0,low
Annex III,9a,"2,5-Diaminotoluene sulphate",615-50-9,210-431-8,General use hair dye substance in oxidative hair dye products,2 %,For general useAfter mixing under oxidative conditions the maximum concentration applied to hair or eyelashes must not exceed 2.0 % (calculated as free base),,,"To be printed on the label: The mixing ratio. &#39;&#39;Hair colourants can cause severe allergic reactions. Read and follow instructions. This product is not intended for use on persons under the age of 16. Temporary &#39;&#39;black henna&#39;&#39; tattoos may increase your risk of allergy. Do not colour your hair if: you have a rash on your face or sensitive, irritated and damaged scalp, you have ever experienced any reaction after colouring your hair, you have experienced a reaction to a temporary &#39;&#39;black henna&#39;&#39; tattoo in the past. Contains phenylenediamines (toluenediamines). Do not use to dye eyelashes or eyebrows.&#39;&#39;",0,,incidecoder,0,,,0.000000,0,low
Annex III,9a,"2,5-Diaminotoluene sulphate",615-50-9,210-431-8,Professional use cosmetic products for coloring eyelashes,2 %,For professional use onlyAfter mixing under oxidative conditions the maximum concentration applied to hair or eyelashes must not exceed 2.0 % (calculated as free base),,,"To be printed on the label: The mixing ratio. &#39;&#39;This product can cause severe allergic reactions. Read and follow instructions. This product is not intended for use on persons under the age of 16. Temporary &#39;&#39;black henna&#39;&#39; tattoos may increase your risk of allergy. Do not colour your eyelashes if: you have a rash on your face or sensitive, irritated and damaged scalp, you have ever experienced any reaction after colouring your hair or eyelashes, you have experienced a reaction to a temporary &#39;&#39;black henna&#39;&#39; tattoo in the past. Contains phenylenediamines. Rinse eyes immediately if product comes into contact with them.&#39;&#39;",0,,incidecoder,0,,,0.000000,0,low
Annex III,4,Ammonia,7664-41-7,231-635-3,All cosmetic products,6 %,,,,Above 2 %: Contains ammonia,0,,incidecoder,0,,,0.000000,0,low
Annex III,6,Chlorates of alkali metals,-,-,Toothpaste,5 %,,,,,0,,incidecoder,0,,,0.000000,0,low
Annex III,6,Chlorates of alkali metals,-,-,Cosmetic products other than toothpaste,3 %,,,,,0,,incidecoder,0,,,0.000000,0,low
Annex III,12,"Compounds or mixtures that release hydrogen peroxide, including carbamide peroxide and zinc peroxide, with the exception of the following substances in Annex II: No 1397, 1398, 1399",-,-,Skin products,4 %,,,,Contains hydrogen peroxide. Avoid contact with eyes. Rinse immediately if product comes into contact with them.,0,,incidecoder,0,,,0.000000,0,low
Annex III,12,"Compounds or mixtures that release hydrogen peroxide, including carbamide peroxide and zinc peroxide, with the exception of the following substances in Annex II: No 1397, 1398, 1399",-,-,"Oral products (including mouth rinse, tooth paste and tooth whitening or bleaching products)",0.1 %,,,,,0,,incidecoder,0,,,0.000000,0,low
Annex III,12,"Compounds or mixtures that release hydrogen peroxide, including carbamide peroxide and zinc peroxide, with the exception of the following substances in Annex II: No 1397, 1398, 1399",-,-,Cosmetic products for eyelashes,2 %,For professional use only,,,Wear suitable gloves. To be printed on the label: &#39;&#39;For professional use only. Avoid contact with eyes. Rinse eyes immediately if product comes into contact with them. Contains hydrogen peroxide.&#39;&#39;,0,,incidecoder,0,,,0.000000,0,low
Annex III,11,Dichlorophen,97-23-4,202-567-1,All cosmetic products,0.5 %,,,,Contains Dichlorophen,0,,incidecoder,0,,,0.000000,0,low
Annex III,3,Esters and alkaline salts of Oxalic acid,-,-,Hair products,5 %,For professional use only,,,For professional use only,0,,incidecoder,0,,,0.000000,0,low
Annex III,8c,"Ethanol, 2,2&#39;-[(2-nitro-1,4-phenylene)diimino]bis-(9CI)",84041-77-0,281-856-4,Hair dye substance in oxidative hair dye products,1 %,After mixing under oxidative conditions the maximum concentration applied to hair must not exceed 1.0 %Do not use with nitrosating agentsMaximum nitrosamine content: 50 μg/kgKeep in nitrite-free containers,,,"To be printed on the label: The mixing ratio. &#39;&#39;Hair colourants can cause severe allergic reactions. Read and follow instructions. This product is not intended for use on persons under the age of 16. Temporary &#39;&#39;black henna&#39;&#39; tattoos may increase your risk of allergy. Do not colour your hair if: you have a rash on your face or sensitive, irritated and damaged scalp, you have ever experienced any reaction after coloring your hair, you have experienced a reaction to a temporary &#39;&#39;black henna&#39;&#39; tattoo in the past.&#39;&#39;",0,,incidecoder,0,,,0.000000,0,low
Annex III,8c,"Ethanol, 2,2&#39;-[(2-nitro-1,4-phenylene)diimino]bis-(9CI)",84041-77-0,281-856-4,Hair dye substance in non-oxidative hair dye products,1.5 %,Do not use with nitrosating agentsMaximum nitrosamine content: 50 μg/kgKeep in nitrite-free containers,,,,0,,incidecoder,0,,,0.000000,0,low
Annex III,9,"Methylphenylenediamines, their N-substituted derivatives and their salts, with the exception of the substance listed under reference numbers 9a and 9b of this Annex and the substances listed under reference numbers 364, 413, 1144, 1310, 1313 and 1507 of Annex II",-,-,General use hair dye substance in oxidative hair dye products,5 %,For general useAfter mixing under oxidative conditions the maximum concentration applied to hair must not exceed 5 % calculated as free base,,,"To be printed on the label: The mixing ratio. &#39;&#39;Hair colourants can cause severe allergic reactions. Read and follow instructions. This product is not intended for use on persons under the age of 16. Temporary &#39;&#39;black henna&#39;&#39; tattoos may increase your risk of allergy. Do not colour your hair if: you have a rash on your face or sensitive, irritated and damaged scalp, you have ever experienced any reaction after colouring your hair, you have experienced a reaction to a temporary &#39;&#39;black henna&#39;&#39; tattoo in the past. Contains phenylenediamines (toluenediamines). Do not use to dye eyelashes or eyebrows.&#39;&#39;",0,,incidecoder,0,,,0.000000,0,low
Annex III,9,"Methylphenylenediamines, their N-substituted derivatives and their salts, with the exception of the substance listed under reference numbers 9a and 9b of this Annex and the substances listed under reference numbers 364, 413, 1144, 1310, 1313 and 1507 of Annex II",-,-,General use hair dye substance in oxidative hair dye products,5 %,For general useAfter mixing under oxidative conditions the maximum concentration applied to hair must not exceed 5 % calculated as free base,,,"To be printed on the label: The mixing ratio. &#39;&#39;Hair colourants can cause severe allergic reactions. Read and follow instructions. This product is not intended for use on persons under the age of 16. Temporary &#39;&#39;black henna&#39;&#39; tattoos may increase your risk of allergy. Do not colour your hair if: you have a rash on your face or sensitive, irritated and damaged scalp, you have ever experienced any reaction after colouring your hair, you have experienced a reaction to a temporary &#39;&#39;black henna&#39;&#39; tattoo in the past. Contains phenylenediamines (toluenediamines). Do not use to dye eyelashes or eyebrows.&#39;&#39;",0,,incidecoder,0,,,0.000000,0,low
Annex III,9,"Methylphenylenediamines, their N-substituted derivatives and their salts, with the exception of the substance listed under reference numbers 9a and 9b of this Annex and the substances listed under reference numbers 364, 413, 1144, 1310, 1313 and 1507 of Annex II",-,-,Professional use hair dye substance in oxidative hair dye products,5 %,For professional use onlyAfter mixing under oxidative conditions the maximum concentration applied to hair must not exceed 5 % calculated as free base,,,"To be printed on the label: The mixing ratio. &#39;&#39;For professional use only. Hair colourants can cause severe allergic reactions. Read and follow instructions. This product is not intended for use on persons under the age of 16. Temporary &#39;&#39;black henna&#39;&#39; tattoos may increase your risk of allergy. Do not colour your hair if: you have a rash on your face or sensitive, irritated and damaged scalp, you have ever experienced any reaction after colouring your hair, you have experienced a reaction to a temporary &#39;&#39;black henna&#39;&#39; tattoo in the past. Contains phenylenediamines (toluenediamines). Wear suitable gloves.&#39;&#39;",0,,incidecoder,0,,,0.000000,0,low
Annex III,9,"Methylphenylenediamines, their N-substituted derivatives and their salts, with the exception of the substance listed under reference numbers 9a and 9b of this Annex and the substances listed under reference numbers 364, 413, 1144, 1310, 1313 and 1507 of Annex II",-,-,Professional use hair dye substance in oxidative hair dye products,5 %,For professional use onlyAfter mixing under oxidative conditions the maximum concentration applied to hair must not exceed 5 % calculated as free base,,,"To be printed on the label: The mixing ratio. &#39;&#39;For professional use only. Hair colourants can cause severe allergic reactions. Read and follow instructions. This product is not intended for use on persons under the age of 16. Temporary &#39;&#39;black henna&#39;&#39; tattoos may increase your risk of allergy. Do not colour your hair if: you have a rash on your face or sensitive, irritated and damaged scalp, you have ever experienced any reaction after colouring your hair, you have experienced a reaction to a temporary &#39;&#39;black henna&#39;&#39; tattoo in the past. Contains phenylenediamines (toluenediamines). Wear suitable gloves.&#39;&#39;",0,,incidecoder,0,,,0.000000,0,low
Annex III,8,"N-substituted derivatives of o-Phenylenediamine, with exception of those derivatives listed elsewhere in this Annex and under reference numbers 1309, 1311, and 1312 in Annex II",-,-,Professional use hair dye substance in oxidative hair dye products,3 %,For professional use onlyAfter mixing under oxidative conditions the maximum concentration applied to hair must not exceed 3 % calculated as free base,,,"To be printed on the label: The mixing ratio. &#39;&#39;For professional use only. Hair colourants can cause severe allergic reactions. Read and follow instructions. This product is not intended for use on persons under the age of 16. Temporary &#39;&#39;black henna&#39;&#39; tattoos may increase your risk of allergy. Do not colour your hair if: you have a rash on your face or sensitive, irritated and damaged scalp, you have ever experienced any reaction after colouring your hair, you have experienced a reaction to a temporary &#39;&#39;black henna&#39;&#39; tattoo in the past. Contains phenylenediamines. Wear suitable gloves.&#39;&#39;",0,,incidecoder,0,,,0.000000,0,low
Annex III,8,"N-substituted derivatives of p-Phenylenediamine, with exception of those derivatives listed elsewhere in this Annex and under reference numbers 1309, 1311, and 1312 in Annex II",-,-,General use hair dye substance in oxidative hair dye products,3 %,For general useAfter mixing under oxidative conditions the maximum concentration applied to hair must not exceed 3 % calculated as free base,,,"To be printed on the label: The mixing ratio. &#39;&#39;Hair colourants can cause severe allergic reactions. Read and follow instructions. This product is not intended for use on persons under the age of 16. Temporary &#39;&#39;black henna&#39;&#39; tattoos may increase your risk of allergy. Do not colour your hair if: you have a rash on your face or sensitive, irritated and damaged scalp, you have ever experienced any reaction after colouring your hair, you have experienced a reaction to a temporary &#39;&#39;black henna&#39;&#39; tattoo in the past. Contains phenylenediamines. Do not use to dye eyelashes or eyebrows.&#39;&#39;",0,,incidecoder,0,,,0.000000,0,low
Annex III,3,Oxalic acid,144-62-7,205-634-3,Hair products,5 %,For professional use only,,,For professional use only,0,,incidecoder,0,,,0.000000,0,low
Annex III,8a,p-Phenylenediamine HCl,624-18-0,210-834-9,General use hair dye substance in oxidative hair dye products,2 %,For general useAfter mixing under oxidative conditions the maximum concentration applied to hair must not exceed 2 % calculated as free base,,,"To be printed on the label: The mixing ratio. &#39;&#39;Hair colourants can cause severe allergic reactions. Read and follow instructions. This product is not intended for use on persons under the age of 16. Temporary &#39;&#39;black henna&#39;&#39; tattoos may increase your risk of allergy. Do not colour your hair if: you have a rash on your face or sensitive, irritated and damaged scalp, you have ever experienced any reaction after colouring your hair, you have experienced a reaction to a temporary &#39;&#39;black henna&#39;&#39; tattoo in the past. Contains phenylenediamines. Do not use to dye eyelashes or eyebrows.&#39;&#39;",0,,incidecoder,0,,,0.000000,0,low
Annex III,8a,p-Phenylenediamine HCl,624-18-0,210-834-9,Professional use hair dye substance in oxidative hair dye products,2 %,For professional use onlyAfter mixing under oxidative conditions the maximum concentration applied to hair must not exceed 2 % calculated as free base,,,"To be printed on the label: The mixing ratio. &#39;&#39;For professional use only. Hair colourants can cause severe allergic reactions. Read and follow instructions. This product is not intended for use on persons under the age of 16. Temporary &#39;&#39;black henna&#39;&#39; tattoos may increase your risk of allergy. Do not colour your hair if: you have a rash on your face or sensitive, irritated and damaged scalp, you have ever experienced any reaction after colouring your hair, you have experienced a reaction to a temporary &#39;&#39;black henna&#39;&#39; tattoo in the past. Contains phenylenediamines. Wear suitable gloves.&#39;&#39;",0,,incidecoder,0,,,0.000000,0,low
Annex III,8b,p-Phenylenediamine HCl,624-18-0,210-834-9,Professional use cosmetic products for coloring eyelashes,2 %,For professional use onlyAfter mixing under oxidative conditions the maximum concentration applied to eyelashes must not exceed 2 % calculated as free base,,,"To be printed on the label: The mixing ratio. &#39;&#39;For professional use only. This product can cause severe allergic reactions. Read and follow instructions. This product is not intended for use on persons under the age of 16. Temporary &#39;&#39;black henna&#39;&#39; tattoos may increase the risk of allergy. Eyelashes shall not be coloured if the consumer: has a rash on the face or sensitive, irritated and damaged scalp, has experienced any reaction after colouring hair or eyelashes, has experienced a reaction to a temporary &#39;&#39;black henna&#39;&#39; tattoo in the past. Rinse eyes immediately if product comes into contact with them. Contains phenylenediamines. Wear suitable gloves.&#39;&#39;",0,,incidecoder,0,,,0.000000,0,low
Annex III,8a,p-Phenylenediamine sulphate,16245-77-5,240-357-1,Professional use hair dye substance in oxidative hair dye products,2 %,For professional use onlyAfter mixing under oxidative conditions the maximum concentration applied to hair must not exceed 2 % calculated as free base,,,"To be printed on the label: The mixing ratio. &#39;&#39;For professional use only. Hair colourants can cause severe allergic reactions. Read and follow instructions. This product is not intended for use on persons under the age of 16. Temporary &#39;&#39;black henna&#39;&#39; tattoos may increase your risk of allergy. Do not colour your hair if: you have a rash on your face or sensitive, irritated and damaged scalp, you have ever experienced any reaction after colouring your hair, you have experienced a reaction to a temporary &#39;&#39;black henna&#39;&#39; tattoo in the past. Contains phenylenediamines. Wear suitable gloves.&#39;&#39;",0,,incidecoder,0,,,0.000000,0,low
Annex III,8a,p-Phenylenediamine sulphate,16245-77-5,240-357-1,General use hair dye substance in oxidative hair dye products,2 %,For general useAfter mixing under oxidative conditions the maximum concentration applied to hair must not exceed 2 % calculated as free base,,,"To be printed on the label: The mixing ratio. &#39;&#39;Hair colourants can cause severe allergic reactions. Read and follow instructions. This product is not intended for use on persons under the age of 16. Temporary &#39;&#39;black henna&#39;&#39; tattoos may increase your risk of allergy. Do not colour your hair if: you have a rash on your face or sensitive, irritated and damaged scalp, you have ever experienced any reaction after colouring your hair, you have experienced a reaction to a temporary &#39;&#39;black henna&#39;&#39; tattoo in the past. Contains phenylenediamines. Do not use to dye eyelashes or eyebrows.&#39;&#39;",0,,incidecoder,0,,,0.000000,0,low
Annex III,8b,p-Phenylenediamine sulphate,16245-77-5,240-357-1,Professional use cosmetic products for coloring eyelashes,2 %,For professional use onlyAfter mixing under oxidative conditions the maximum concentration applied to eyelashes must not exceed 2 % calculated as free base,,,"To be printed on the label: The mixing ratio. &#39;&#39;For professional use only. This product can cause severe allergic reactions. Read and follow instructions. This product is not intended for use on persons under the age of 16. Temporary &#39;&#39;black henna&#39;&#39; tattoos may increase the risk of allergy. Eyelashes shall not be coloured if the consumer: has a rash on the face or sensitive, irritated and damaged scalp, has experienced any reaction after colouring hair or eyelashes, has experienced a reaction to a temporary &#39;&#39;black henna&#39;&#39; tattoo in the past. Rinse eyes immediately if product comes into contact with them. Contains phenylenediamines. Wear suitable gloves.&#39;&#39;",0,,incidecoder,0,,,0.000000,0,low
Annex III,6,Potassium chlorate,3811-04-9,223-289-7,Toothpaste,5 %,,,,,0,,incidecoder,0,,,0.000000,0,low
Annex III,6,Potassium chlorate,3811-04-9,223-289-7,Cosmetic products other than toothpaste,3 %,,,,,0,,incidecoder,0,,,0.000000,0,low
Annex III,8,Salts of N-substituted derivatives of p-Phenylenediamine,-,-,General use hair dye substance in oxidative hair dye products,3 %,For general useAfter mixing under oxidative conditions the maximum concentration applied to hair must not exceed 3 % calculated as free base,,,"To be printed on the label: The mixing ratio. &#39;&#39;Hair colourants can cause severe allergic reactions. Read and follow instructions. This product is not intended for use on persons under the age of 16. Temporary &#39;&#39;black henna&#39;&#39; tattoos may increase your risk of allergy. Do not colour your hair if: you have a rash on your face or sensitive, irritated and damaged scalp, you have ever experienced any reaction after colouring your hair, you have experienced a reaction to a temporary &#39;&#39;black henna&#39;&#39; tattoo in the past. Contains phenylenediamines. Do not use to dye eyelashes or eyebrows.&#39;&#39;",0,,incidecoder,0,,,0.000000,0,low
Annex III,2a,Salts of Thioglycolic acid,-,-,General use products for hair waving or straightening,8 %,For general use,,,Conditions of use: Avoid contact with eyes. Rinse eyes immediately if product comes into contact with them. Wear suitable gloves. Warnings to be printed on the label: Contains thioglycolate. Follow the instructions. Keep out of reach of children.,0,,incidecoder,0,,,0.000000,0,low
Annex III,2a,Salts of Thioglycolic acid,-,-,Depilatories,5 %,,,,Conditions of use: Avoid contact with eyes. Rinse eyes immediately if product comes into contact with them. Warnings to be printed on the label: Contains thioglycolate. Follow the instructions. Keep out of reach of children.,0,,incidecoder,0,,,0.000000,0,low
Annex III,2a,Salts of Thioglycolic acid,-,-,Products intended for eyelash waving,11 %,For professional use only,,,Conditions of use: Avoid contact with eyes. Rinse eyes immediately if product comes into contact with them. Wear suitable gloves. Warnings to be printed on the label: For professional use only. Contains thioglycolate. Follow the instructions.,0,,incidecoder,0,,,0.000000,0,low
Annex III,2a,Salts of Thioglycolic acid,-,-,Professional use products for hair waving or straightening,11 %,For professional use only,,,Conditions of use: Avoid contact with eyes. Rinse eyes immediately if product comes into contact with them. Wear suitable gloves. Warnings to be printed on the label: For professional use only. Contains thioglycolate. Follow the instructions.,0,,incidecoder,0,,,0.000000,0,low
Annex III,2a,Salts of Thioglycolic acid,-,-,Rinse-off hair products other than hair waving and straightening products and depilatories,2 %,,,,Conditions of use: Avoid contact with eyes. Rinse eyes immediately if product comes into contact with them. Wear suitable gloves. Warnings to be printed on the label: Contains thioglycolate. Follow the instructions. Keep out of reach of children.,0,,incidecoder,0,,,0.000000,0,low
Annex III,6,Sodium chlorate,7775-09-9,231-887-4,Toothpaste,5 %,,,,,0,,incidecoder,0,,,0.000000,0,low
Annex III,6,Sodium chlorate,7775-09-9,231-887-4,Cosmetic products other than toothpaste,3 %,,,,,0,,incidecoder,0,,,0.000000,0,low
Annex III,2a,Thioglycolic acid,68-11-1,200-677-4,Professional use products for hair waving or straightening,11 %,For professional use only,,,Conditions of use: Avoid contact with eyes. Rinse eyes immediately if product comes into contact with them. Wear suitable gloves. Warnings to be printed on the label: For professional use only. Contains thioglycolate. Follow the instructions.,0,,incidecoder,0,,,0.000000,0,low
Annex III,2a,Thioglycolic acid,68-11-1,200-677-4,General use products for hair waving or straightening,8 %,For general use,,,Conditions of use: Avoid contact with eyes. Rinse eyes immediately if product comes into contact with them. Wear suitable gloves. Warnings to be printed on the label: Contains thioglycolate. Follow the instructions. Keep out of reach of children.,0,,incidecoder,0,,,0.000000,0,low
Annex III,2a,Thioglycolic acid,68-11-1,200-677-4,Rinse-off hair products other than hair waving and straightening products and depilatories,2 %,,,,Conditions of use: Avoid contact with eyes. Rinse eyes immediately if product comes into contact with them. Wear suitable gloves. Warnings to be printed on the label: Contains thioglycolate. Follow the instructions. Keep out of reach of children.,0,,incidecoder,0,,,0.000000,0,low
Annex III,2a,Thioglycolic acid,68-11-1,200-677-4,Depilatories,5 %,,,,Conditions of use: Avoid contact with eyes. Rinse eyes immediately if product comes into contact with them. Warnings to be printed on the label: Contains thioglycolate. Follow the instructions. Keep out of reach of children.,0,,incidecoder,0,,,0.000000,0,low
Annex III,2a,Thioglycolic acid,68-11-1,200-677-4,Products intended for eyelash waving,11 %,For professional use only,,,Conditions of use: Avoid contact with eyes. Rinse eyes immediately if product comes into contact with them. Wear suitable gloves. Warnings to be printed on the label: For professional use only. Contains thioglycolate. Follow the instructions.,0,,incidecoder,0,,,0.000000,0,low
Annex III,2b,Thioglycolic acid esters,-,-,General use products for hair waving or straightening,8 %,For general use,,,"Conditions of use: May cause sensitization in the event of skin contact. Avoid contact with eyes. In the event of contact with eyes, rinse immediately with plenty of water and seek medical advice. Wear suitable gloves. Warnings: Contains thioglycolate. Follow the instructions. Keep out of reach of children.",0,,incidecoder,0,,,0.000000,0,low
Annex III,2b,Thioglycolic acid esters,-,-,Professional use products for hair waving or straightening,11 %,For professional use only,,,"Conditions of use: May cause sensitization in the event of skin contact. Avoid contact with eyes. In the event of contact with eyes, rinse immediately with plenty of water and seek medical advice. Wear suitable gloves. Warnings: Contains thioglycolate. Follow the instructions. Keep out of reach of children. For professional use only.",0,,incidecoder,0,,,0.000000,0,low
Annex III,5,Tosylchloramide sodium (INN),127-65-1,204-854-7,All cosmetic products,0.2 %,,,,,0,,incidecoder,0,,,0.000000,0,low
